{
  "entityName" : "InformationBooklet",
  "bookletId": "0",
  "title": "Health Care Information",
  "shortDesc": "",
  "longDesc" : "",
  "provider" : "",
  "created": "2001-05-24 13:44:36",
  "lastModified": "2001-05-24 13:44:36",
  "recoveryPath": [],
  "sections": [
    {
      "entityName" : "BookletSection",
      "title" : "Echocardiogram",
      "category": "Treament & Tests",
      "body" : "An echocardiogram (an ultrasound) shows the size and pumping action of the heart.",
      "multiMedias" : [
        {
          "entityName" : "MultiMedia",
          "mimeType" : "JPG",
          "thumbnailURL" : "1_thumbnail.jpg",
          "url" : "1.jpg"
        }
        ]
    },
    {
      "entityName" : "BookletSection",
      "title" : "Electrocardiogram",
      "category": "Treament & Tests",
      "body" : "An electrocardiogram, commonly called an ECG, records the electrical activity of the heart.",
      "multiMedias" : [
        {
          "entityName" : "MultiMedia",
          "mimeType" : "JPG",
          "thumbnailURL" : "2_thumbnail.jpg",
          "url" : "2.jpg"
        }
        ]
    },
    {
      "entityName" : "BookletSection",
      "title" : "Chest X-Ray",
      "category": "Treament & Tests",
      "body" : "A chest X-ray provides images of your heart and lungs. It may be used to determine if the heart is enlarged or if there is fluid in the lungs.",
      "multiMedias" : []
    },
    {
      "entityName" : "BookletSection",
      "title" : "Blood Tests",
      "category": "Treament & Tests",
      "body" : "Blood test(s) will be drawn.Blood tests will also be done after your surgery to monitor your condition.",
      "multiMedias" : []
    },
    {
      "entityName" : "BookletSection",
      "title" : "Nasal & Rectal Swab",
      "category": "Treament & Tests",
      "body" : "A nasal and possibly a rectal swab will be taken in order to check for the presence of hospital acquired infections. An ointment will be applied several times a day in the nose to help prevent the spread of infection.",
      "multiMedias" : []
    },
    {
      "entityName" : "BookletSection",
      "title" : "Height & Weight",
      "category": "Treament & Tests",
      "body" : "Your weight and height will be recorded.",
      "multiMedias" : []
    },
    {
      "entityName" : "BookletSection",
      "title" : "Showering",
      "category": "Preoperative Preparation",
      "body" : "Two showers using an antiseptic soap that will be provided to wash from your neck down. Hair, face and beard should be washed with shampoo and regular soap.",
      "multiMedias" : []
    },
    {
      "entityName" : "BookletSection",
      "title" : "Shaving",
      "category": "Preoperative Preparation",
      "body" : "The Nurse or Beneficiary Attendant will shave you using a clipper if hair is present on the areas of the body including the chest, groin and legs.",
      "multiMedias" : []
    },
    {
      "entityName" : "BookletSection",
      "title" : "Antiseptic Solution",
      "category": "Preoperative Preparation",
      "body" : "A pink-colored antiseptic solution is applied on the chest, abdomen and, depending on your surgery, your arm and/or leg(s).",
      "multiMedias" : []
    },
    {
      "entityName" : "BookletSection",
      "title" : "Diet",
      "category": "Nutrition",
      "body" : "During your hospital stay, you will receive a cardiac diet that is reduced in fat content and has no added salt. The Nutritionist/Dietitian will adapt your meal plan for any other individualized nutritional need such as diabetes, renal disease and allergies.",
      "multiMedias" : [
        {
          "entityName" : "MultiMedia",
          "mimeType" : "JPG",
          "thumbnailURL" : "2_thumbnail.jpg",
          "url" : "2.jpg"
        }
        ]
    },
    {
      "entityName" : "BookletSection",
      "title" : "Fasting",
      "category": "Nutrition",
      "body" : "“Fasting”: The day before your scheduled surgery, you will be instructed not to eat or to drink anything after midnight.",
      "multiMedias" : []
    },
    {
      "entityName" : "BookletSection",
      "title" : "The First 24 Hours",
      "category": "Nutrition",
      "body" : "For the first 24 hours after the surgery, You will not be eating or drinking anything by mouth. Fluids will be provided through your intravenous tube. Also, you will receive frequent mouth care.",
      "multiMedias" : []
    },
    {
      "entityName" : "BookletSection",
      "title" : "Incentive Spirometer",
      "category": "Activity and Breathing",
      "body" : "To use the incentive spirometer, and how to do deep breathing and coughing exercises to help prevent respiratory complications.",
      "multiMedias" : [
        {
          "entityName" : "MultiMedia",
          "mimeType" : "JPG",
          "thumbnailURL" : "3_thumbnail.jpg",
          "url" : "3.jpg"
        },
        {
          "entityName" : "MultiMedia",
          "mimeType" : "JPG",
          "thumbnailURL" : "4_thumbnail.jpg",
          "url" : "4.jpg"
        }
        ]
    },
    {
      "entityName" : "BookletSection",
      "title" : "Leg Exercises",
      "category": "Activity and Breathing",
      "body" : "To do leg exercises to encourage blood circulation, maintain strength and reduce swelling.",
      "multiMedias" : [
        {
          "entityName" : "MultiMedia",
          "mimeType" : "JPG",
          "thumbnailURL" : "5_thumbnail.jpg",
          "url" : "5.jpg"
        }
        ]
    },
    {
      "entityName" : "BookletSection",
      "title" : "Reducing Pain & Discomfort",
      "category": "Activity and Breathing",
      "body" : "To reduce pain/discomfort after surgery by using a pillow to support your breastbone (called the sternum), when coughing or changing positions.",
      "multiMedias" : []
    },
    {
      "entityName" : "BookletSection",
      "title" : "Lying in Bed",
      "category": "Activity and Breathing",
      "body" : "The Physiotherapist and/or Nurse will discuss the importance of breathing exercises and early physical activity. You will be taught how to minimize pain or discomfort when your change positions.",
      "multiMedias" : []
    },
    {
      "entityName" : "BookletSection",
      "title" : "How much pain is normal?",
      "category": "Pain Management",
      "body" : "It is normal to have a certain amount of pain after the surgery. All efforts will be made to keep you comfortable. It is very important to tell your nurse if you are experiencing pain.  When your pain is adequately relieved, you will be able to breathe more deeply, cough more strongly, move with greater ease and have a better appetite.",
      "multiMedias" : []
    },
    {
      "entityName" : "BookletSection",
      "title" : "The Pain Scale",
      "category": "Pain Management",
      "body" : "We will introduce a pain scale to measure how strong the pain is for you. The scale ranges from the score “0” (no pain) to “10” (worst pain). Also, it permits us to evaluate the relief you receive.",
      "multiMedias" : []
    },
    {
      "entityName" : "BookletSection",
      "title" : "Pain Medication",
      "category": "Pain Management",
      "body" : "Pain medications are given on a regular schedule. If the pain is not relieved, inform your nurse, who will administer other prescribed medications as needed.",
      "multiMedias" : []
    },
    {
      "entityName" : "BookletSection",
      "title" : "Techniques to relieve pain",
      "category": "Pain Management",
      "body" : "Other ways to help relieve pain will be discussed with you and your family, such as relaxation techniques, massage, good body alignment and how to change position.",
      "multiMedias" : []
    },
    {
      "entityName" : "BookletSection",
      "title" : "Surgery Time",
      "category": "Surgery & Operating Room",
      "body" : "It is important to note that due to unforeseen medical emergencies, your surgery may get delayed by several hours or re-scheduled for another day. If your surgery is scheduled in the morning as the first case, you will leave for the operating room at approximately 7:00 am by stretcher. If your surgery is schedule for the afternoon, you may leave anywhere between 11:00-14:00.",
      "multiMedias" : [
        {
          "entityName" : "MultiMedia",
          "mimeType" : "JPG",
          "thumbnailURL" : "6_thumbnail.jpg",
          "url" : "6.jpg"
        },
        {
          "entityName" : "MultiMedia",
          "mimeType" : "JPG",
          "thumbnailURL" : "7_thumbnail.jpg",
          "url" : "7.jpg"
        }
        ]
    },
    {
      "entityName" : "BookletSection",
      "title" : "Clothing and Accessories",
      "category": "Surgery & Operating Room",
      "body" : "When you leave for the operating room, you will wear only your hospital gown. Underwear, make-up, jewelry, contact lenses, eyeglasses, watch, nail polish and dentures must be removed. Just before you leave to the operating room, it is suggested that you go to the bathroom.",
      "multiMedias" : []
    },
    {
      "entityName" : "BookletSection",
      "title" : "Medication",
      "category": "Surgery & Operating Room",
      "body" : "The Physician may order a medication that will help you to relax. After you receive the medication, it is important that you remain in bed as you may feel drowsy.",
      "multiMedias" : []
    },
    {
      "entityName" : "BookletSection",
      "title" : "The Anethesiest",
      "category": "Surgery & Operating Room",
      "body" : "The Anesthetist will insert an intravenous catheter in your arm. Medications will be given through this catheter to put you to sleep. Once you are asleep, other catheters will be inserted to monitor your condition. Afterwards, a breathing tube connected to a ventilator will be inserted to assist with your breathing. In order to perform the surgery, your heart and lungs need to be put in a state of rest.",
      "multiMedias" : []
    },
    {
      "entityName" : "BookletSection",
      "title" : "The Perfusionist",
      "category": "Surgery & Operating Room",
      "body" : "The Perfusionist will do this by maintaining your blood circulation with the help of a heart-lung machine.",
      "multiMedias" : []
    },
    {
      "entityName" : "BookletSection",
      "title" : "Your Family",
      "category": "Surgery & Operating Room",
      "body" : "You will stay in the operating room approximately 3-5 hours. Your family may wait in any of the 3 family rooms located on the 3rd floor. The Cardiac Surgeon will come to see your family in the waiting area after the surgery",
      "multiMedias" : []
    },
    {
      "entityName" : "BookletSection",
      "title" : "Pager",
      "category": "Surgery & Operating Room",
      "body" : "The hospital offers a pager system to family members, who do not wish to wait in the family rooms. This will allow your family and friends the freedom to visit other areas of the hospital such as the cafeteria, gift shop, coffee shop. At the end of the surgery, your family will be paged to return to the family room to meet with the Cardiac Surgeon.",
      "multiMedias" : [
      {
          "entityName" : "MultiMedia",
          "mimeType" : "JPG",
          "thumbnailURL" : "8_thumbnail.jpg",
          "url" : "8.jpg"
        }
      ]
    },
    {
      "entityName" : "BookletSection",
      "title" : "Waking Up",
      "category": "Intensive Care",
      "body" : "When you wake up, you may experience discomfort from your surgery. The Nurse will provide you with medications to control and relieve your pain.",
      "multiMedias" : []
    },
    {
      "entityName" : "BookletSection",
      "title" : "Orientation",
      "category": "Intensive Care",
      "body" : "The ICU is an open space, therefore you will hear lots of different sounds such as beeping and people talking. The ICU will use a lot of equipment to monitor your condition. Most of the equipment have alarms. The ringing of the alarms can be one of the scariest parts of the ICU experience. An alarm does not always mean there is an emergency.",
      "multiMedias" : [
        {
          "entityName" : "MultiMedia",
          "mimeType" : "JPG",
          "thumbnailURL" : "9_thumbnail.jpg",
          "url" : "9.jpg"
        }
        ]
    },
    {
      "entityName" : "BookletSection",
      "title" : "Visitors",
      "category": "Intensive Care",
      "body" : "Visitors (maximum 2 people at a time) are welcomed. However, visits may be temporarily restricted at any time due to a procedure or a test being done in the ICU. Visitors need to request permission to enter the intensive care by using the red (ICU 1) or beige (ICU 2) phone on the wall. Your family is encouraged to participate in your care as much as possible.",
      "multiMedias" : []
    },
    {
      "entityName" : "BookletSection",
      "title" : "How Long will I stay?",
      "category": "Intensive Care",
      "body" : "Your length of stay in the ICU may vary based on your recovery.",
      "multiMedias" : []
    },
    {
      "entityName" : "BookletSection",
      "title" : "Communication After Surgery",
      "category": "Intensive Care",
      "body" : "Due to the breathing tube, you will not be able to speak and this may make you feel anxious. You may communicate by nodding your head, pointing, writing or using a picture board.",
      "multiMedias" : []
    },
    {
      "entityName" : "BookletSection",
      "title" : "Gastric Tube",
      "category": "Intensive Care",
      "body" : "A stomach or gastric drainage tube placed in your nose or mouth prevents air and fluid from accumulating in your stomach.",
      "multiMedias" : [
        {
          "entityName" : "MultiMedia",
          "mimeType" : "JPG",
          "thumbnailURL" : "10_thumbnail.jpg",
          "url" : "10.jpg"
        }
        ]
    },
    {
      "entityName" : "BookletSection",
      "title" : "Catheter",
      "category": "Intensive Care",
      "body" : "A small tube, called a Foley catheter, will drain urine from your bladder.",
      "multiMedias" : [
        {
          "entityName" : "MultiMedia",
          "mimeType" : "JPG",
          "thumbnailURL" : "11_thumbnail.jpg",
          "url" : "11.jpg"
        }
        ]
    },
    {
      "entityName" : "BookletSection",
      "title" : "Chest Tubes",
      "category": "Intensive Care",
      "body" : "hest tubes, called sumps, inserted just below the breastbone, will drain excess blood from around your heart and lungs. On either side of these sumps, there will be temporary pacemaker wire(s) which will be covered by a dressing.",
      "multiMedias" : []
    },
    {
      "entityName" : "BookletSection",
      "title" : "Intravenous Fluids",
      "category": "Intensive Care",
      "body" : "You will also have intravenous tubing in your arm or neck vein, which can be used to administer medications such as antibiotics, fluids for hydration or blood transfusion(s).",
      "multiMedias" : []
    },
    {
      "entityName" : "BookletSection",
      "title" : "Staying Warm",
      "category": "Intensive Care",
      "body" : "Feeling cold is a common sensation shortly after the surgery. A special blanket is placed under the sheet which will help keep your body warm. You may feel sleepy.",
      "multiMedias" : []
    },
    {
      "entityName" : "BookletSection",
      "title" : "Pain Medication",
      "category": "Intensive Care",
      "body" : "The effect of sedatives and anesthetic drugs given during the surgery will slowly wear off. It is important that you experience as little pain as possible. Your nurse will ask if you are experiencing any pain. You will receive medications to help control your pain.",
      "multiMedias" : []
    },
    {
      "entityName" : "BookletSection",
      "title" : "Activity, Mobilization and Breathing Exercises ",
      "category": "Intensive Care",
      "body" : "You will initially remain in bed with the head of the bed slightly elevated. We will assist you in changing your position frequently. This regular turning helps to prevent pressure that may injure your skin and encourages lung expansion.",
      "multiMedias" : []
    }
    ]
}

