{
    "status": "Success",
    "errors": [
               {
               "type": "WARNING",
               "code": "000234",
               "message": "myerrorstring"
               }
               ],
    "response": [
                 
                 {
                 "notes" : "Patient needs some walk. Also need to have some light food.",
                 "name" : "E. Naron, RN",
                 "date" : "2015-05-15 10:19:04"
                 } ,
                 
                 {
                 "notes" : "Tests inconclusive. Need to order another scan.",
                 "name" : "I. Craigmile, MD",
                 "date" : "2015-05-16 15:19:04"
                 } ,
                 
                 {
                 "notes" : "Patient showing good recovery signs. Recommend early discharge.",
                 "name" : "E. Narayanan, RN",
                 "date" : "2015-05-17 12:19:04"
                 } ,
                 
                 {
                 "notes" : "Patient showing good recovery signs. Recommend early discharge.",
                 "name" : "G. Schwartz, NT",
                 "date" : "2015-05-19 20:19:04"
                 }
                 
                 ]
}