{
    "response" :
    [
     
     {
     "taskName" : "Flu immunization"
     } ,
     
     {
     "taskName" : "Verify transportation for discharge"
     } ,
     
     {
     "taskName" : "Discharge order"
     } ,
     
     {
     "taskName" : "Provide D/C prescriptions"
     } ,
     
     {
     "taskName" : "Provide D/C instructions"
     } ,
     
     {
     "taskName" : "Change IV meds to PO and start medication"
     } ,

     {
     "taskName" : "Discuss patient's potential discharge date"
     },
     
     {
     "taskName" : "Verify transportation for discharge"
     },
     
     {
     "taskName" : "Discuss patient's potential discharge date"
     }
     
     ]
}