{
    "Patient": {
        "patientId": "1",
        "firstName": "Gina",
        "lastName": "Cardosi",
        "gender": "Female",
        "birthDate": "1945-06-03T09:00:00Z",
        "acuity": "Medium",
        "ambulatoryStatus": "Walking",
        "physicianName": "Caroline Canning",
        "status": "Admitted",
        "alerts": [],
        "allergies": [
                      "Nickel"
                      ],
        "barriers": [],
        "bed": [],
        "diagnoses": [
                      "Pneumonia"
                      ],
        "diets": [],
        "immunizationStatus": [
                               "Both given",
                               "Test1"
                               ],
        "pertainingMessages": [],
        "pertainingTasks": [],
        "recoveryPath": [],
        "room": [],
        "roundedBy": [],
        "roundingNotes": [],
        "symptoms": [],
        "vitals": []
    }
}