{
    "status": "Success",
    "errors": [
               {
               "type": "WARNING",
               "code": "000234",
               "message": "myerrorstring"
               }
               ],
    "response": [
                 {
                 "patientId": "101",
                 "firstName": "Wendy",
                 "lastName": "Yang",
                 "gender": "F",
                 "birthDate": "20-05-1984",
                 "physicianName":"Erom RN",
                 "status": "R",
                 "ambulatoryStatus": "Level1",
                 "acuity": "60",
                 "admittedDate": "April 5",
                 "targetDate": "April 10",
                 "patientCondition": "Congestive Heart Failure",
                 "careTeamStaffIds": ["102", "106", "104", "105"]
                 },
                 {
                 "patientId": "102",
                 "firstName": "Vivienne",
                 "lastName": "Roe",
                 "gender": "m",
                 "birthdate": "10-12-1981",
                 "physicianName":"Ajay MD",
                 "status": "N",
                 "ambulatoryStatus": "Level2",
                 "acuity": "30",
                 "admittedDate": "April 9",
                 "targetDate": "April 17",
                 "patientCondition": "Heart Failure",
                 "careTeamStaffIds": ["101", "104"]
                 },
                 {
                 "patientId": "103",
                 "firstName": "Rob",
                 "lastName": "Chan",
                 "gender": "m",
                 "birthdate": "10-12-1971",
                 "physicianName":"Vijay MD",
                 "status": "R",
                 "ambulatoryStatus": "Level1",
                 "acuity": "80",
                 "admittedDate": "April 3",
                 "targetDate": "April 17",
                 "patientCondition": "Heart Attack",
                 "careTeamStaffIds": ["101","103"]
                 },
                 {
                 "patientId": "104",
                 "firstName": "Gina",
                 "lastName": "Cardosi",
                 "gender": "m",
                 "birthdate": "10-12-1971",
                 "physicianName":"Vijay MD",
                 "status": "N",
                 "ambulatoryStatus": "Level1",
                 "acuity": "80",
                 "admittedDate": "April 1",
                 "targetDate": "April 5",
                 "patientCondition": "Heart Pain",
                 "careTeamStaffIds": ["102", "106"]
                 },
                 {
                 "patientId": "105",
                 "firstName": "Jennifer",
                 "lastName": "Martin",
                 "gender": "m",
                 "birthdate": "10-12-1971",
                 "physicianName":"Vijay MD",
                 "status": "N",
                 "ambulatoryStatus": "Level1",
                 "acuity": "80",
                 "admittedDate": "April 23",
                 "targetDate": "April 30",
                 "patientCondition": "Heart Muscles ",
                 "careTeamStaffIds": ["101", "103"]
                 },
                 {
                 "patientId": "106",
                 "firstName": "Kamaria",
                 "lastName": "Campbell",
                 "gender": "m",
                 "birthdate": "10-12-1971",
                 "physicianName":"Vijay MD",
                 "status": "DC",
                 "ambulatoryStatus": "Level1",
                 "acuity": "80",
                 "admittedDate": "April 2",
                 "targetDate": "April 11",
                 "patientCondition": "Heart Muscles Pain",
                 "careTeamStaffIds": ["105", "103"]
                 },
                 {
                 "patientId": "107",
                 "firstName": "Kristie",
                 "lastName": "Swift",
                 "gender": "m",
                 "birthdate": "10-12-1971",
                 "physicianName":"Vijay MD",
                 "status": "DC",
                 "ambulatoryStatus": "Level1",
                 "acuity": "80",
                 "admittedDate": "April 3",
                 "targetDate": "April 19",
                 "patientCondition": "Heart Output Muscles blocked",
                 "careTeamStaffIds": ["102", "103", "105", "102"]
                 },
                 {
                 "patientId": "108",
                 "firstName": "Le",
                 "lastName": "Nguyen",
                 "gender": "m",
                 "birthdate": "10-12-1971",
                 "physicianName":"Vijay MD",
                 "status": "DC",
                 "ambulatoryStatus": "Level1",
                 "acuity": "80",
                 "admittedDate": "April 15",
                 "targetDate": "April 19",
                 "patientCondition": "Heart Input Muscles blocked",
                 "careTeamStaffIds": ["102", "103", "104", "106"]
                 },
                 {
                 "patientId": "109",
                 "firstName": "Lucy",
                 "lastName": "Chen",
                 "gender": "m",
                 "birthdate": "10-12-1971",
                 "physicianName":"Vijay MD",
                 "status": "DC",
                 "ambulatoryStatus": "Level1",
                 "acuity": "80",
                 "admittedDate": "April 1",
                 "targetDate": "April 18",
                 "patientCondition": "Heart Input Muscles Pain",
                 "careTeamStaffIds": ["101", "103", "105"]
                 },
                 {
                 "patientId": "110",
                 "firstName": "Meiling",
                 "lastName": "Cheng",
                 "gender": "m",
                 "birthdate": "10-12-1971",
                 "physicianName":"Vijay MD",
                 "status": "DC",
                 "ambulatoryStatus": "Level1",
                 "acuity": "80",
                 "admittedDate": "April 6",
                 "targetDate": "April 15",
                 "patientCondition": "Heart Output Muscles Pain",
                 "careTeamStaffIds": ["106", "104"]
                 }
                 ]
}